<?xml version="1.0" encoding="UTF-8"?>
<window type="dialog" id="1103">
    <defaultcontrol always="true">5000</defaultcontrol>
    <controls>
        <!--<include>DimBG</include>-->
        <include>TopBar</include>
        <control type="group">
            <include>FacadeFadeDialogs2ndLevelCondition</include>
            <include>Icon_Fade</include>
            <control type="group">
                <posy>220</posy>
                <include>DialogOpenClose</include>
                <control type="image">
                    <posx>-760</posx>
                    <posy>150</posy>
                    <width>2930</width>
                    <height>435</height>
                    <include>DialogTransparency</include>
                    <texture border="150,40,150,40">$VAR[Theme.Color]/common/bg_dialog.png</texture>
                </control>
                <control type="image">
                    <posx>100</posx>
                    <posy>142</posy>
                    <width>1720</width>
                    <height>217</height>
                    <texture border="100">$VAR[Theme.Color]/common/bg_list.png</texture>
                </control>
                <control type="label">
                    <posx>TextMargin</posx>
                    <posy>183</posy>
                    <width>1800</width>
                    <height>135</height>
                    <align>center</align>
                    <font>InfoTitleFont</font>
                    <include>TextColor_MainColor</include>
                    <label>$LOCALIZE[20094]</label>
                </control>
                <control type="grouplist" id="5000">
                    <posx>0</posx>
                    <posy>318</posy>
                    <width>1920</width>
                    <height>234</height>
                    <onup>5000</onup>
                    <ondown>5000</ondown>
                    <onleft>5000</onleft>
                    <onright>5000</onright>
                    <itemgap>0</itemgap>
                    <defaultcontrol always="true">701</defaultcontrol>
                    <control type="button" id="701">
                        <align>center</align>
                        <height>78</height>
                        <width>1920</width>
                        <include>LeftMenuButton</include>
                        <label>$LOCALIZE[3]</label>
                        <onclick>Dialog.Close(all)</onclick>
                        <onclick>ActivateWindow(Videos,Files,return)</onclick>
                    </control>
                    <control type="button" id="702">
                        <align>center</align>
                        <height>78</height>
                        <width>1920</width>
                        <include>LeftMenuButton</include>
                        <label>$LOCALIZE[2]</label>
                        <onclick>Dialog.Close(all)</onclick>
                        <onclick>ActivateWindow(Music,Files,return)</onclick>
                    </control>
                    <control type="button" id="703">
                        <align>center</align>
                        <height>78</height>
                        <width>1920</width>
                        <include>LeftMenuButton</include>
                        <label>$LOCALIZE[1]</label>
                        <onclick>Dialog.Close(all)</onclick>
                        <onclick>ActivateWindow(pictures,root)</onclick>
                    </control>
                </control>
            </control>
        </control>
    </controls>
</window>
