<?xml version="1.0" encoding="utf-8"?>
<window>
    <defaultcontrol always="true">9</defaultcontrol>
    <menucontrol>9</menucontrol>
    <controls>
        <!-- <include>DimBG</include> -->
        <include>TopBar</include>
        <control type="group">
            <include>FacadeFadeDialogs2ndLevelCondition</include>
            <include>Icon_Fade</include>
            <control type="group">
                <animation effect="slide" tween="circle" easing="out" time="250" start="0,0" end="660,0" condition="[!ControlGroup(2).HasFocus()+!Control.HasFocus(60)+!ControlGroup(9001).HasFocus()|Control.HasFocus(8999)|Control.HasFocus(9060)]">conditional</animation>
                <include>DialogOpenClose</include>
                <control type="image">
                    <posx>-760</posx>
                    <posy>150</posy>
                    <width>2930</width>
                    <height>876</height>
                    <include>DialogTransparency</include>
                    <texture border="150,40,150,40">$VAR[Theme.Color]/common/bg_dialog.png</texture>
                </control>
                <control type="image">
                    <posx>100</posx>
                    <posy>142</posy>
                    <width>1720</width>
                    <height>217</height>
                    <texture border="100">$VAR[Theme.Color]/common/bg_list.png</texture>
                </control>
                <control type="image">
                    <posx>100</posx>
                    <posy>862</posy>
                    <width>1720</width>
                    <height>172</height>
                    <texture border="100">$VAR[Theme.Color]/common/bg_list.png</texture>
                </control>
                <control type="label" id="20">
                    <posx>TextMargin</posx>
                    <posy>183</posy>
                    <width>1800</width>
                    <height>135</height>
                    <align>center</align>
                    <font>InfoTitleFont</font>
                    <include>TextColor_MainColor</include>
                </control>
                <control type="grouplist" id="2">
                    <posx>0</posx>
                    <posy>318</posy>
                    <width>1920</width>
                    <height>546</height>
                    <itemgap>0</itemgap>
                    <pagecontrol>60</pagecontrol>
                    <onup>9</onup>
                    <ondown>9001</ondown>
                    <onleft>9</onleft>
                    <onright>60</onright>
                </control>
                <control type="button" id="3">
                    <width>1920</width>
                    <include>LeftMenuButtonWide</include>
                </control>
                <control type="radiobutton" id="4">
                    <width>1920</width>
                    <radioposx>1806</radioposx>
                    <textwidth>1700</textwidth>
                    <include>LeftMenuButtonWide</include>
                </control>
                <control type="spincontrolex" id="5">
                    <width>1920</width>
                    <include>LeftMenuButtonWide</include>
                    <reverse>yes</reverse>
                </control>
                <control type="image" id="6">
                    <description>Default Seperator</description>
                    <height>1</height>
                    <texture border="150,0,150,0">$VAR[Theme.Color]/list/bg_facade_separator.png</texture>
                </control>
                <control type="label" id="7">
                    <description>separator label headline</description>
                    <textoffsetx>TextMargin</textoffsetx>
                    <width>1920</width>
                    <height>78</height>
                    <include>LeftMenuTitleLabel</include>
                </control>
                <control type="sliderex" id="8">
                    <width>1920</width>
                    <include>LeftMenuButtonWide</include>
                </control>
                <control type="scrollbar" id="60">
                    <posx>1886</posx>
                    <posy>318</posy>
                    <height>546</height>
                    <onleft>2</onleft>
                    <onright>2</onright>
                    <include>VerticalScroller</include>
                </control>
                <control type="grouplist" id="9001">
                    <posx>TextMargin</posx>
                    <posy>903</posy>
                    <width>1800</width>
                    <height>90</height>
                    <itemgap>30</itemgap>
                    <aligny>bottom</aligny>
                    <align>center</align>
                    <orientation>horizontal</orientation>
                    <onup>2</onup>
                    <ondown>2</ondown>
                    <onleft>9001</onleft>
                    <onright>9001</onright>
                    <control type="button" id="10">
                        <include>ButtonFocusAnimation</include>
                        <label>$LOCALIZE[186]</label>
                    </control>
                    <control type="button" id="11">
                        <include>ButtonFocusAnimation</include>
                        <label>$LOCALIZE[222]</label>
                    </control>
                    <control type="button" id="12">
                        <include>ButtonFocusAnimation</include>
                        <label>$LOCALIZE[409]</label>
                    </control>
                </control>
            </control>
            <!-- SIDE MENU -->
            <control type="group">
                <animation effect="slide" tween="circle" easing="out" time="250" start="0,0" end="660,0" condition="[!ControlGroup(2).HasFocus()+!Control.HasFocus(60)+!ControlGroup(9001).HasFocus()|Control.HasFocus(8999)|Control.HasFocus(9060)]">Conditional</animation>
                <include>LeftMenu</include>
                <control type="label" id="7965">
                    <posx>-660</posx>
                    <posy>183</posy>
                    <include>LeftMenuTitleLabel</include>
                    <label>$LOCALIZE[33061]</label>
                </control>
                <control type="grouplist" id="9">
                    <posy>261</posy>
                    <height>702</height>
                    <include>LeftMenuButtonGroup</include>
                    <onright>2</onright>
                    <ondown>9</ondown>
                    <onback>2</onback>
                </control>
                <control type="button" id="13">
                    <include>LeftMenuButton</include>
                </control>
                <include>LeftMenuScroller</include>
            </control>
        </control>
    </controls>
</window>
