<?xml version="1.0" encoding="utf-8"?>
<window>
    <defaultcontrol always="true">20</defaultcontrol>
    <controls>
        <control type="group">
            <include>NotificationOpenClose</include>
            <control type="group">
                <visible>!Player.Muted</visible>
                <control type="image">
                    <posx>0</posx>
                    <posy>0</posy>
                    <width>1920</width>
                    <height>183</height>
                    <colordiffuse>$VAR[Picked.Theme.Color]</colordiffuse>
                    <texture flipy="true" border="1">$VAR[Theme.Color]/common/HomeGradient.png</texture>
                </control>
                <control type="image">
                    <posx>-200</posx>
                    <posy>0</posy>
                    <width>2320</width>
                    <height>183</height>
                    <colordiffuse>$VAR[Picked.Theme.Color]</colordiffuse>
                    <texture border="150,40,150,40">$VAR[Theme.Color]/common/bg_dialog.png</texture>
                </control>
                <include content="ProgressBar">
                    <param name="id" value="20"/>
                    <param name="visible" value="true"/>
                    <param name="x" value="0"/>
                    <param name="y" value="0"/>
                    <param name="width" value="1920"/>
                    <param name="height" value="14"/>
                    <param name="texturebg" value="OSD/osd_progress_background.png"/>
                    <param name="gfx" value="OSD/osd_progress_mid.png"/>
                    <param name="border" value="1,1,5,1"/>
                    <param name="borderbg" value="1,1,1,1"/>
                    <param name="info" value="Player.Volume"/>
                </include>
                <control type="label">
                    <posx>TextMargin</posx>
                    <posy>33</posy>
                    <height>117</height>
                    <width>1800</width>
                    <scroll>true</scroll>
                    <align>center</align>
                    <font>InfoTitleFont</font>
                    <include>TextColor_MainColor</include>
                    <label>$LOCALIZE[13376]: $INFO[Control.GetLabel(20)]</label>
                </control>
            </control>
        </control>
    </controls>
</window>
