<?xml version="1.0" encoding="utf-8"?>
<window>
    <defaultcontrol always="true">996</defaultcontrol>
    <controls>
        <!-- <include>DimBG</include> -->
        <control type="group">
            <include>FacadeFadeDialogs3rdLevelCondition</include>
            <include>Icon_Fade</include>
            <control type="group">
                <include>DialogContextOpenClose</include>
                <control type="button">
                    <include>ConditionWhite</include>
                    <posx>1887</posx>
                    <posy>0</posy>
                    <height>33</height>
                    <width>33</width>
                    <colordiffuse>90ffffff</colordiffuse>
                    <texturenofocus>white/topbar/topbar_exit_nofocus.png</texturenofocus>
                    <texturefocus>white/topbar/topbar_exit_focus.png</texturefocus>
                    <onclick>back</onclick>
                    <label>-</label>
                </control>
                <control type="button">
                    <include>ConditionBlack</include>
                    <posx>1887</posx>
                    <posy>0</posy>
                    <height>33</height>
                    <width>33</width>
                    <colordiffuse>90ffffff</colordiffuse>
                    <texturenofocus>black/topbar/topbar_exit_nofocus.png</texturenofocus>
                    <texturefocus>black/topbar/topbar_exit_focus.png</texturefocus>
                    <onclick>back</onclick>
                    <label>-</label>
                </control>
                <control type="image" id="999">
                    <posx>-200</posx>
                    <posy>0</posy>
                    <width>2320</width>
                    <height>876</height>
                    <include>DialogTransparency</include>
                    <texture border="150,40,150,40">$VAR[Theme.Color]/common/bg_dialog.png</texture>
                </control>
                <control type="grouplist" id="996">
                    <posx>0</posx>
                    <posy>33</posy>
                    <width>1920</width>
                    <height>810</height>
                    <itemgap>0</itemgap>
                    <pagecontrol>60</pagecontrol>
                    <onright>60</onright>
                    <control type="button" id="1000">
                        <posx>0</posx>
                        <posy>0</posy>
                        <width>1920</width>
                        <align>center</align>
                        <textoffsetx>0</textoffsetx>
                        <height>81</height>
                        <include>LeftMenuButton</include>
                    </control>
                    <control type="button" id="2001">
                        <posx>0</posx>
                        <posy>0</posy>
                        <width>1920</width>
                        <align>center</align>
                        <textoffsetx>0</textoffsetx>
                        <height>81</height>
                        <include>LeftMenuButton</include>
                        <label>Extended Info</label>
                        <visible>System.HasAddon(script.extendedinfo)</visible>
                        <visible>Container.Content(movies)|Container.Content(tvshows)|Container.Content(Actors)|Container.Content(Directors)|Container.Content(Artists)</visible>
                        <onclick condition="Container.Content(Actors) | Container.Content(Directors) | Container.Content(Artists)">RunScript(script.extendedinfo,info=extendedactorinfo,name=$INFO[ListItem.Label])</onclick>
                        <onclick condition="Container.Content(Movies)">RunScript(script.extendedinfo,info=extendedinfo,dbid=$INFO[ListItem.DBID],name=$INFO[ListItem.Title])</onclick>
                        <onclick condition="Container.Content(tvshows)">RunScript(script.extendedinfo,info=extendedtvinfo,name=$INFO[ListItem.Title],dbid=$INFO[ListItem.DBID])</onclick>
                        <!--<onclick condition="Container.Content(Seasons) + !String.IsEmpty(ListItem.Season)">RunScript(script.extendedinfo,info=seasoninfo,tvshow=$INFO[ListItem.TVShowTitle],season=$INFO[ListItem.Season])</onclick>-->
                    </control>
                    <control type="button" id="9325">
                        <!-- ArtWork Downloader Solo Mode-->
                        <posx>0</posx>
                        <posy>0</posy>
                        <width>1920</width>
                        <align>center</align>
                        <textoffsetx>0</textoffsetx>
                        <height>81</height>
                        <include>LeftMenuButton</include>
                        <label>$LOCALIZE[31511]</label>
                        <onclick condition="Container.Content(tvshows)">XBMC.RunScript(script.artwork.downloader, mediatype=tvshow, dbid=$INFO[ListItem.DBID])</onclick>
                        <onclick condition="Container.Content(movies)">XBMC.RunScript(script.artwork.downloader, mediatype=movie, dbid=$INFO[ListItem.DBID])</onclick>
                        <onclick condition="Container.Content(musicvideos)">XBMC.RunScript(script.artwork.downloader, mediatype=musicvideos, dbid=$INFO[ListItem.DBID])</onclick>
                        <onclick>SetFocus(51)</onclick>
                        <visible>System.HasAddon(script.artwork.downloader) + [Container.Content(tvshows) | Container.Content(movies) | Container.Content(musicvideos)]</visible>
                        <visible>!Skin.HasSetting(plexbmc)</visible>
                    </control>
                    <control type="button" id="9326">
                        <!-- ArtWork Downloader Gui Mode-->
                        <posx>0</posx>
                        <posy>0</posy>
                        <width>1920</width>
                        <align>center</align>
                        <textoffsetx>0</textoffsetx>
                        <height>81</height>
                        <include>LeftMenuButton</include>
                        <label>$LOCALIZE[31512]</label>
                        <onclick condition="Container.Content(tvshows)">XBMC.RunScript(script.artwork.downloader, mode=gui, mediatype=tvshow, dbid=$INFO[ListItem.DBID])</onclick>
                        <onclick condition="Container.Content(movies)">XBMC.RunScript(script.artwork.downloader, mode=gui, mediatype=movie, dbid=$INFO[ListItem.DBID])</onclick>
                        <onclick condition="Container.Content(musicvideos)">XBMC.RunScript(script.artwork.downloader, mode=gui, mediatype=musicvideo, dbid=$INFO[ListItem.DBID])</onclick>
                        <onclick>SetFocus(51)</onclick>
                        <visible>System.HasAddon(script.artwork.downloader) + [Container.Content(tvshows) | Container.Content(movies) | Container.Content(musicvideos)]</visible>
                        <visible>!Skin.HasSetting(plexbmc)</visible>
                    </control>
                </control>
                <control type="scrollbar" id="60">
                    <posx>1886</posx>
                    <posy>33</posy>
                    <height>810</height>
                    <showonepage>false</showonepage>
                    <include>VerticalScroller</include>
                    <onleft>996</onleft>
                    <onright>996</onright>
                </control>
            </control>
        </control>
    </controls>
</window>
