<?xml version="1.0" encoding="utf-8"?>
<window>
    <defaultcontrol always="true">450</defaultcontrol>
    <menucontrol>9001</menucontrol>
    <controls>
        <!-- <include>DimBG</include> -->
        <include>TopBar</include>
        <control type="group">
            <visible>![
                Window.IsVisible(DialogButtonMenu.xml)|
                Window.IsVisible(DialogKeyboard.xml)|
                Window.IsVisible(DialogSettings.xml)|
                Window.IsVisible(DialogNumeric.xml)|
                Window.IsVisible(DialogContextMenu.xml)|
                Window.IsVisible(DialogSelect.xml)|
                Window.IsVisible(DialogTextViewer.xml)|
                Window.IsVisible(DialogConfirm.xml)
                ]</visible>
            <include>Icon_Fade</include>
            <control type="group">
                <animation effect="slide" tween="circle" easing="out" time="250" start="0,0" end="660,0" condition="[ControlGroup(9001).HasFocus()|Control.HasFocus(8999)|Control.HasFocus(9060)]">conditional</animation>
                <include>DialogOpenClose</include>
                <control type="image">
                    <posx>-760</posx>
                    <posy>150</posy>
                    <width>2930</width>
                    <height>876</height>
                    <include condition="!Window.Isvisible(DialogSettings.xml)">DialogTransparency</include>
                    <colordiffuse>$VAR[Picked.Theme.Color]</colordiffuse>
                    <texture border="150,40,150,40">$VAR[Theme.Color]/common/bg_dialog.png</texture>
                </control>
                <control type="image">
                    <posx>100</posx>
                    <posy>142</posy>
                    <width>1720</width>
                    <height>256</height>
                    <texture border="100">$VAR[Theme.Color]/common/bg_list.png</texture>
                </control>
                <control type="image">
                    <posx>100</posx>
                    <posy>862</posy>
                    <width>1720</width>
                    <height>172</height>
                    <texture border="100">$VAR[Theme.Color]/common/bg_list.png</texture>
                </control>
                <control type="label" id="411">
                    <posx>TextMargin</posx>
                    <posy>183</posy>
                    <width>1800</width>
                    <height>125</height>
                    <align>center</align>
                    <font>InfoTitleFont</font>
                    <include>TextColor_MainColor</include>
                </control>
                <control type="label" id="412">
                    <posx>TextMargin</posx>
                    <posy>290</posy>
                    <width>1800</width>
                    <height>39</height>
                    <align>center</align>
                    <font>InfoDetailsFont</font>
                    <include>TextColor_MainColor</include>
                </control>
                <control type="image">
                    <posx>60</posx>
                    <posy>416</posy>
                    <width>468</width>
                    <height>430</height>
                    <include>SquareThumb</include>
                </control>
                <control type="image">
                    <posx>25</posx>
                    <posy>381</posy>
                    <width>538</width>
                    <height>500</height>
                    <include>SquareThumbBig</include>
                    <include>ThumbBorder</include>
                </control>
                <control type="panel" id="450">
                    <posx>545</posx>
                    <posy>357</posy>
                    <width>1375</width>
                    <height>546</height>
                    <pagecontrol>60</pagecontrol>
                    <onleft>9001</onleft>
                    <onright>60</onright>
                    <onup>450</onup>
                    <ondown>9002</ondown>
                    <itemlayout height="78" width="1375">
                        <control type="image">
                            <posx>53</posx>
                            <height>78</height>
                            <width>78</width>
                            <colordiffuse>NoFocusedColor</colordiffuse>
                            <include>SquareThumb</include>
                        </control>
                        <control type="label">
                            <posx>165</posx>
                            <height>78</height>
                            <width>1150</width>
                            <font>FacadeListMainFont</font>
                            <include>TextColor_AlternateColor</include>
                            <label>$INFO[ListItem.Label]</label>
                        </control>
                    </itemlayout>
                    <focusedlayout height="78" width="1375">
                        <control type="group">
                            <include>ButtonWideFocusAnimation</include>
                            <control type="image">
                                <posx>0</posx>
                                <posy>0</posy>
                                <height>78</height>
                                <width>1375</width>
                                <colordiffuse>$VAR[Picked.Theme.Color]</colordiffuse>
                                <texture border="1">$VAR[Theme.Color]/list/bg_facade_focus.png</texture>
                            </control>
                            <control type="image">
                                <posx>53</posx>
                                <height>78</height>
                                <width>78</width>
                                <include>SquareThumb</include>
                            </control>
                            <control type="label">
                                <posx>165</posx>
                                <height>78</height>
                                <width>1150</width>
                                <font>FacadeListMainFont</font>
                                <include>TextColor_MainColor</include>
                                <label>$INFO[ListItem.Label]</label>
                            </control>
                        </control>
                    </focusedlayout>
                </control>
                <control type="panel" id="451">
                    <posx>545</posx>
                    <posy>357</posy>
                    <width>1375</width>
                    <height>546</height>
                    <pagecontrol>60</pagecontrol>
                    <onleft>9001</onleft>
                    <onright>60</onright>
                    <onup>451</onup>
                    <ondown>9002</ondown>
                    <itemlayout height="78" width="1375">
                        <control type="image">
                            <posx>53</posx>
                            <height>78</height>
                            <width>78</width>
                            <colordiffuse>NoFocusedColor</colordiffuse>
                            <include>SquareThumb</include>
                        </control>
                        <control type="label">
                            <posx>165</posx>
                            <height>78</height>
                            <width>1150</width>
                            <font>FacadeListMainFont</font>
                            <include>TextColor_AlternateColor</include>
                            <label>$INFO[ListItem.Label]</label>
                        </control>
                    </itemlayout>
                    <focusedlayout height="78" width="1375">
                        <control type="group">
                            <include>ButtonWideFocusAnimation</include>
                            <control type="image">
                                <posx>0</posx>
                                <posy>0</posy>
                                <height>78</height>
                                <width>1375</width>
                                <colordiffuse>$VAR[Picked.Theme.Color]</colordiffuse>
                                <texture border="1">$VAR[Theme.Color]/list/bg_facade_focus.png</texture>
                            </control>
                            <control type="image">
                                <posx>53</posx>
                                <height>78</height>
                                <width>78</width>
                                <include>SquareThumb</include>
                            </control>
                            <control type="label">
                                <posx>165</posx>
                                <height>78</height>
                                <width>1150</width>
                                <font>FacadeListMainFont</font>
                                <include>TextColor_MainColor</include>
                                <label>$INFO[ListItem.Label]</label>
                            </control>
                        </control>
                    </focusedlayout>
                </control>
                <control type="scrollbar" id="60">
                    <posx>1886</posx>
                    <posy>357</posy>
                    <height>546</height>
                    <include>VerticalScroller</include>
                    <onleft>450</onleft>
                    <onright>450</onright>
                </control>
                <control type="grouplist" id="9002">
                    <posx>TextMargin</posx>
                    <posy>903</posy>
                    <width>1800</width>
                    <height>90</height>
                    <itemgap>30</itemgap>
                    <aligny>bottom</aligny>
                    <align>center</align>
                    <onleft>9001</onleft>
                    <onright>9002</onright>
                    <onup>450</onup>
                    <ondown>9002</ondown>
                    <orientation>horizontal</orientation>
                    <control type="button" id="413">
                        <include>ButtonFocusAnimation</include>
                        <label>$LOCALIZE[186]</label>
                    </control>
                    <control type="button" id="414">
                        <include>ButtonFocusAnimation</include>
                        <label>$LOCALIZE[222]</label>
                    </control>
                </control>
            </control>
            <!-- SIDE MENU -->
            <control type="group">
                <animation effect="slide" tween="circle" easing="out" time="250" start="0,0" end="660,0" condition="[ControlGroup(9001).HasFocus()|Control.HasFocus(8999)|Control.HasFocus(9060)]">Conditional</animation>
                <include>LeftMenu</include>
                <control type="label" id="7965">
                    <posx>-660</posx>
                    <posy>183</posy>
                    <include>LeftMenuTitleLabel</include>
                    <label>$LOCALIZE[33061]</label>
                </control>
                <control type="grouplist" id="9001">
                    <posy>261</posy>
                    <include>LeftMenuButtonGroup</include>
                    <onright>450</onright>
                    <ondown>9001</ondown>
                    <onback>450</onback>
                    <control type="button" id="415">
                        <label>$LOCALIZE[119]</label>
                        <include>LeftMenuButton</include>
                    </control>
                    <control type="radiobutton" id="416">
                        <label>$LOCALIZE[749]</label>
                        <include>LeftMenuButton</include>
                    </control>
                </control>
                <include>LeftMenuScroller</include>
            </control>

        </control>
    </controls>
</window>
