<?xml version="1.0" encoding="utf-8"?>
<window id="0">
    <defaultcontrol always="true">300</defaultcontrol>
    <onload condition="System.HasAddon(plugin.video.plexbmc) + Skin.HasSetting(plexbmc)">RunScript(plugin.video.plexbmc,amberskin,nocat)</onload>
    <onload>RunScript(script.skinshortcuts,type=buildxml&amp;mainmenuID=300&amp;levels=0)</onload>
    <onload condition="!Skin.HasSetting(Hide.Favourites)">RunScript(script.favourites)</onload>
    <onload condition="System.HasAddon(script.skin.helper.service) + System.HasAddon(script.skin.helper.service) + String.IsEmpty(Skin.String(SkinHelper.RandomFanartDelay))">Skin.SetString(SkinHelper.RandomFanartDelay,9)</onload>
    <controls>
        <!--DUMMY BUTTON-->
        <control type="button" id="378432">
            <visible>[
                [Control.isvisible(700011)|Control.isvisible(700012)|Control.isvisible(700013)|Control.isvisible(700014)|Control.isvisible(700015)|
                Control.isvisible(700021)|Control.isvisible(700022)|Control.isvisible(700023)|Control.isvisible(700024)|Control.isvisible(700025)|
                Control.isvisible(700031)|Control.isvisible(700032)|Control.isvisible(700033)|Control.isvisible(700034)|Control.isvisible(700045)|
                Control.isvisible(700041)|Control.isvisible(700042)|Control.isvisible(700043)|Control.isvisible(700044)|Control.isvisible(700045)|
                Control.isvisible(700051)|Control.isvisible(700052)|Control.isvisible(700053)|Control.isvisible(700054)|Control.isvisible(700055)]|
                [Skin.HasSetting(plexbmc)+[
                [[Integer.IsGreater(Container(900).NumItems,0)]+String.IsEqual(Container(300).ListItem.Property(type),photo)]|
                [[Integer.IsGreater(Container(901).NumItems,0)]+String.IsEqual(Container(300).ListItem.Label,$LOCALIZE[31010])]|
                [[Integer.IsGreater(Container(311).NumItems,0)|Integer.IsGreater(Container(312).NumItems,0)]+String.IsEqual(Container(300).ListItem.Property(type),movie)]|
                [[Integer.IsGreater(Container(511).NumItems,0)]+String.IsEqual(Container(300).ListItem.Property(type),artist)]|
                [[Integer.IsGreater(Container(212).NumItems,0)]+Container(300).HasFocus(50)]|
                [[Integer.IsGreater(Container(411).NumItems,0)|Integer.IsGreater(Container(412).NumItems,0)|Integer.IsGreater(Container(413).NumItems,0)]+String.IsEqual(Container(300).ListItem.Property(type),show)]
                ]]
                ]</visible>
            <include>HiddenButton</include>
        </control>
        <!--DUMMY BUTTON-->
        <control type="button" id="378433">
            <visible>[control.hasfocus(212)|
                control.hasfocus(311)|
                control.hasfocus(312)|
                control.hasfocus(411)|
                control.hasfocus(412)|
                control.hasfocus(413)|
                control.hasfocus(511)|
                control.hasfocus(900)|
                control.hasfocus(901)|
                control.hasfocus(700011)|
                control.hasfocus(700012)|
                control.hasfocus(700013)|
                control.hasfocus(700014)|
                control.hasfocus(700015)|
                control.hasfocus(700021)|
                control.hasfocus(700022)|
                control.hasfocus(700023)|
                control.hasfocus(700024)|
                control.hasfocus(700025)|
                control.hasfocus(700031)|
                control.hasfocus(700032)|
                control.hasfocus(700033)|
                control.hasfocus(700034)|
                control.hasfocus(700035)|
                control.hasfocus(700041)|
                control.hasfocus(700042)|
                control.hasfocus(700043)|
                control.hasfocus(700044)|
                control.hasfocus(700045)|
                control.hasfocus(700051)|
                control.hasfocus(700052)|
                control.hasfocus(700053)|
                control.hasfocus(700054)|
                control.hasfocus(700055)]</visible>
            <include>HiddenButton</include>
        </control>
        <!--DUMMY BUTTON-->
        <control type="button" id="378434">
            <visible>
                [Control.HasFocus(212)+!String.IsEmpty(Container(212).ListItem.Thumb)+!String.StartsWith(Container(212).ListItem.Thumb,Default)]|
                [Control.HasFocus(311)+!String.IsEmpty(Container(311).ListItem.Thumb)+!String.StartsWith(Container(311).ListItem.Thumb,Default)]|
                [Control.HasFocus(312)+!String.IsEmpty(Container(312).ListItem.Thumb)+!String.StartsWith(Container(312).ListItem.Thumb,Default)]|
                [Control.HasFocus(411)+!String.IsEmpty(Container(411).ListItem.Thumb)+!String.StartsWith(Container(411).ListItem.Thumb,Default)]|
                [Control.HasFocus(412)+!String.IsEmpty(Container(412).ListItem.Thumb)+!String.StartsWith(Container(412).ListItem.Thumb,Default)]|
                [Control.HasFocus(413)+!String.IsEmpty(Container(413).ListItem.Thumb)+!String.StartsWith(Container(413).ListItem.Thumb,Default)]|
                [Control.HasFocus(511)+!String.IsEmpty(Container(511).ListItem.Thumb)+!String.StartsWith(Container(511).ListItem.Thumb,Default)]|
                [Control.HasFocus(900)+!String.IsEmpty(Container(900).ListItem.Thumb)+!String.StartsWith(Container(900).ListItem.Thumb,Default)]|
                [Control.HasFocus(700011)+!String.IsEmpty(Container(700011).ListItem.Thumb)+!String.StartsWith(Container(700011).ListItem.Thumb,Default)]|
                [Control.HasFocus(700012)+!String.IsEmpty(Container(700012).ListItem.Thumb)+!String.StartsWith(Container(700012).ListItem.Thumb,Default)]|
                [Control.HasFocus(700013)+!String.IsEmpty(Container(700013).ListItem.Thumb)+!String.StartsWith(Container(700013).ListItem.Thumb,Default)]|
                [Control.HasFocus(700014)+!String.IsEmpty(Container(700014).ListItem.Thumb)+!String.StartsWith(Container(700014).ListItem.Thumb,Default)]|
                [Control.HasFocus(700015)+!String.IsEmpty(Container(700015).ListItem.Thumb)+!String.StartsWith(Container(700015).ListItem.Thumb,Default)]|
                [Control.HasFocus(700021)+!String.IsEmpty(Container(700021).ListItem.Thumb)+!String.StartsWith(Container(700021).ListItem.Thumb,Default)]|
                [Control.HasFocus(700022)+!String.IsEmpty(Container(700022).ListItem.Thumb)+!String.StartsWith(Container(700022).ListItem.Thumb,Default)]|
                [Control.HasFocus(700023)+!String.IsEmpty(Container(700023).ListItem.Thumb)+!String.StartsWith(Container(700023).ListItem.Thumb,Default)]|
                [Control.HasFocus(700024)+!String.IsEmpty(Container(700024).ListItem.Thumb)+!String.StartsWith(Container(700024).ListItem.Thumb,Default)]|
                [Control.HasFocus(700025)+!String.IsEmpty(Container(700025).ListItem.Thumb)+!String.StartsWith(Container(700025).ListItem.Thumb,Default)]|
                [Control.HasFocus(700031)+!String.IsEmpty(Container(700031).ListItem.Thumb)+!String.StartsWith(Container(700031).ListItem.Thumb,Default)]|
                [Control.HasFocus(700032)+!String.IsEmpty(Container(700032).ListItem.Thumb)+!String.StartsWith(Container(700032).ListItem.Thumb,Default)]|
                [Control.HasFocus(700033)+!String.IsEmpty(Container(700033).ListItem.Thumb)+!String.StartsWith(Container(700033).ListItem.Thumb,Default)]|
                [Control.HasFocus(700034)+!String.IsEmpty(Container(700034).ListItem.Thumb)+!String.StartsWith(Container(700034).ListItem.Thumb,Default)]|
                [Control.HasFocus(700035)+!String.IsEmpty(Container(700035).ListItem.Thumb)+!String.StartsWith(Container(700035).ListItem.Thumb,Default)]|
                [Control.HasFocus(700041)+!String.IsEmpty(Container(700041).ListItem.Thumb)+!String.StartsWith(Container(700041).ListItem.Thumb,Default)]|
                [Control.HasFocus(700042)+!String.IsEmpty(Container(700042).ListItem.Thumb)+!String.StartsWith(Container(700042).ListItem.Thumb,Default)]|
                [Control.HasFocus(700043)+!String.IsEmpty(Container(700043).ListItem.Thumb)+!String.StartsWith(Container(700043).ListItem.Thumb,Default)]|
                [Control.HasFocus(700044)+!String.IsEmpty(Container(700044).ListItem.Thumb)+!String.StartsWith(Container(700044).ListItem.Thumb,Default)]|
                [Control.HasFocus(700045)+!String.IsEmpty(Container(700045).ListItem.Thumb)+!String.StartsWith(Container(700045).ListItem.Thumb,Default)]|
                [Control.HasFocus(700051)+!String.IsEmpty(Container(700051).ListItem.Thumb)+!String.StartsWith(Container(700051).ListItem.Thumb,Default)]|
                [Control.HasFocus(700052)+!String.IsEmpty(Container(700052).ListItem.Thumb)+!String.StartsWith(Container(700052).ListItem.Thumb,Default)]|
                [Control.HasFocus(700053)+!String.IsEmpty(Container(700053).ListItem.Thumb)+!String.StartsWith(Container(700053).ListItem.Thumb,Default)]|
                [Control.HasFocus(700054)+!String.IsEmpty(Container(700054).ListItem.Thumb)+!String.StartsWith(Container(700054).ListItem.Thumb,Default)]|
                [Control.HasFocus(700055)+!String.IsEmpty(Container(700055).ListItem.Thumb)+!String.StartsWith(Container(700055).ListItem.Thumb,Default)]|
                [Control.HasFocus(212)+!String.IsEmpty(Container(212).ListItem.Art(poster))+!String.StartsWith(Container(212).ListItem.Art(poster),Default)]|
                [Control.HasFocus(311)+!String.IsEmpty(Container(311).ListItem.Art(poster))+!String.StartsWith(Container(311).ListItem.Art(poster),Default)]|
                [Control.HasFocus(312)+!String.IsEmpty(Container(312).ListItem.Art(poster))+!String.StartsWith(Container(312).ListItem.Art(poster),Default)]|
                [Control.HasFocus(411)+!String.IsEmpty(Container(411).ListItem.Art(poster))+!String.StartsWith(Container(411).ListItem.Art(poster),Default)]|
                [Control.HasFocus(412)+!String.IsEmpty(Container(412).ListItem.Art(poster))+!String.StartsWith(Container(412).ListItem.Art(poster),Default)]|
                [Control.HasFocus(413)+!String.IsEmpty(Container(413).ListItem.Art(poster))+!String.StartsWith(Container(413).ListItem.Art(poster),Default)]|
                [Control.HasFocus(511)+!String.IsEmpty(Container(511).ListItem.Art(poster))+!String.StartsWith(Container(511).ListItem.Art(poster),Default)]|
                [Control.HasFocus(900)+!String.IsEmpty(Container(900).ListItem.Art(poster))+!String.StartsWith(Container(900).ListItem.Art(poster),Default)]|
                [Control.HasFocus(700011)+!String.IsEmpty(Container(700011).ListItem.Art(poster))+!String.StartsWith(Container(700011).ListItem.Art(poster),Default)]|
                [Control.HasFocus(700012)+!String.IsEmpty(Container(700012).ListItem.Art(poster))+!String.StartsWith(Container(700012).ListItem.Art(poster),Default)]|
                [Control.HasFocus(700013)+!String.IsEmpty(Container(700013).ListItem.Art(poster))+!String.StartsWith(Container(700013).ListItem.Art(poster),Default)]|
                [Control.HasFocus(700014)+!String.IsEmpty(Container(700014).ListItem.Art(poster))+!String.StartsWith(Container(700014).ListItem.Art(poster),Default)]|
                [Control.HasFocus(700015)+!String.IsEmpty(Container(700015).ListItem.Art(poster))+!String.StartsWith(Container(700015).ListItem.Art(poster),Default)]|
                [Control.HasFocus(700021)+!String.IsEmpty(Container(700021).ListItem.Art(poster))+!String.StartsWith(Container(700021).ListItem.Art(poster),Default)]|
                [Control.HasFocus(700022)+!String.IsEmpty(Container(700022).ListItem.Art(poster))+!String.StartsWith(Container(700022).ListItem.Art(poster),Default)]|
                [Control.HasFocus(700023)+!String.IsEmpty(Container(700023).ListItem.Art(poster))+!String.StartsWith(Container(700023).ListItem.Art(poster),Default)]|
                [Control.HasFocus(700024)+!String.IsEmpty(Container(700024).ListItem.Art(poster))+!String.StartsWith(Container(700024).ListItem.Art(poster),Default)]|
                [Control.HasFocus(700025)+!String.IsEmpty(Container(700025).ListItem.Art(poster))+!String.StartsWith(Container(700025).ListItem.Art(poster),Default)]|
                [Control.HasFocus(700031)+!String.IsEmpty(Container(700031).ListItem.Art(poster))+!String.StartsWith(Container(700031).ListItem.Art(poster),Default)]|
                [Control.HasFocus(700032)+!String.IsEmpty(Container(700032).ListItem.Art(poster))+!String.StartsWith(Container(700032).ListItem.Art(poster),Default)]|
                [Control.HasFocus(700033)+!String.IsEmpty(Container(700033).ListItem.Art(poster))+!String.StartsWith(Container(700033).ListItem.Art(poster),Default)]|
                [Control.HasFocus(700034)+!String.IsEmpty(Container(700034).ListItem.Art(poster))+!String.StartsWith(Container(700034).ListItem.Art(poster),Default)]|
                [Control.HasFocus(700035)+!String.IsEmpty(Container(700035).ListItem.Art(poster))+!String.StartsWith(Container(700035).ListItem.Art(poster),Default)]|
                [Control.HasFocus(700041)+!String.IsEmpty(Container(700041).ListItem.Art(poster))+!String.StartsWith(Container(700041).ListItem.Art(poster),Default)]|
                [Control.HasFocus(700042)+!String.IsEmpty(Container(700042).ListItem.Art(poster))+!String.StartsWith(Container(700042).ListItem.Art(poster),Default)]|
                [Control.HasFocus(700043)+!String.IsEmpty(Container(700043).ListItem.Art(poster))+!String.StartsWith(Container(700043).ListItem.Art(poster),Default)]|
                [Control.HasFocus(700044)+!String.IsEmpty(Container(700044).ListItem.Art(poster))+!String.StartsWith(Container(700044).ListItem.Art(poster),Default)]|
                [Control.HasFocus(700045)+!String.IsEmpty(Container(700045).ListItem.Art(poster))+!String.StartsWith(Container(700045).ListItem.Art(poster),Default)]|
                [Control.HasFocus(700051)+!String.IsEmpty(Container(700051).ListItem.Art(poster))+!String.StartsWith(Container(700051).ListItem.Art(poster),Default)]|
                [Control.HasFocus(700052)+!String.IsEmpty(Container(700052).ListItem.Art(poster))+!String.StartsWith(Container(700052).ListItem.Art(poster),Default)]|
                [Control.HasFocus(700053)+!String.IsEmpty(Container(700053).ListItem.Art(poster))+!String.StartsWith(Container(700053).ListItem.Art(poster),Default)]|
                [Control.HasFocus(700054)+!String.IsEmpty(Container(700054).ListItem.Art(poster))+!String.StartsWith(Container(700054).ListItem.Art(poster),Default)]|
                [Control.HasFocus(700055)+!String.IsEmpty(Container(700055).ListItem.Art(poster))+!String.StartsWith(Container(700055).ListItem.Art(poster),Default)]
            </visible>
            <include>HiddenButton</include>
        </control>
        <include condition="!Skin.HasSetting(DisableFanart)">Fanart_Art</include>
        <control type="multiimage">
            <visible>ControlGroup(700).HasFocus</visible>
            <include>VisibleFadeEffect</include>
            <include>KenBurns</include>
            <posx>0</posx>
            <posy>0</posy>
            <width>1920</width>
            <height>1080</height>
            <timeperimage>9000</timeperimage>
            <randomize>true</randomize>
            <fadetime>400</fadetime>
            <aspectratio aligny="top">scale</aspectratio>
            <imagepath background="true">$VAR[WidgetsBackgrounds]</imagepath>
        </control>
        <include>Player_Show</include>
        <include>OverlayFull</include>
        <control type="image">
            <include>OpenClose</include>
            <include>ConditionWhite</include>
            <posx>50</posx>
            <posy>51</posy>
            <width>59</width>
            <height>56</height>
            <texture>$VAR[Theme.Color]/common/logo2.png</texture>
            <colordiffuse>AlternateColor_white</colordiffuse>
        </control>
        <control type="image">
            <include>OpenClose</include>
            <include>ConditionBlack</include>
            <posx>50</posx>
            <posy>51</posy>
            <width>59</width>
            <height>56</height>
            <texture>$VAR[Theme.Color]/common/logo2.png</texture>
            <colordiffuse>AlternateColor_black</colordiffuse>
        </control>
        <control type="label">
            <include>OpenClose</include>
            <posx>125</posx>
            <include>WindowTitle</include>
            <label>$VAR[HomeTitles]</label>
        </control>
        <control type="label">
            <include>OpenClose</include>
            <posx>125</posx>
            <include>WindowTitleSub</include>
            <label>$VAR[HomeSubTitles]</label>
        </control>
        <control type="group">
            <include>OpenClose</include>
            <include>Horizontal_Home_Layout</include>
        </control>
        <include>Time</include>
    </controls>
</window>
