<?xml version="1.0" encoding="utf-8"?>
<window>
    <defaultcontrol>49</defaultcontrol>
    <menucontrol>9000</menucontrol>
    <controls>
        <include condition="!Skin.HasSetting(DisableFanart)">Fanart_Art</include>
        <control type="group">
            <visible>!Skin.String(WeatherType,Map)</visible>
            <control type="image">
                <visible>!Skin.HasSetting(DisableFanart)+[Skin.String(WeatherView,biglist)|Skin.String(WeatherView,)]</visible>
                <include>KenBurns</include>
                <posx>0</posx>
                <posy>0</posy>
                <width>1920</width>
                <height>1080</height>
                <texture background="true">$INFO[Container(50).Listitem.Thumb]</texture>
            </control>
            <control type="image">
                <visible>!Skin.HasSetting(DisableFanart)+Skin.String(WeatherView,slimlist)</visible>
                <include>KenBurns</include>
                <posx>0</posx>
                <posy>0</posy>
                <width>1920</width>
                <height>1080</height>
                <texture background="true">$INFO[Container(51).Listitem.Thumb]</texture>
            </control>
            <control type="image">
                <visible>!Skin.HasSetting(DisableFanart)+Skin.String(WeatherView,shortlist)</visible>
                <include>KenBurns</include>
                <posx>0</posx>
                <posy>0</posy>
                <width>1920</width>
                <height>1080</height>
                <texture background="true">$INFO[Container(52).Listitem.Thumb]</texture>
            </control>
            <control type="image">
                <visible>!Skin.HasSetting(DisableFanart)+Skin.String(WeatherView,fanart)</visible>
                <include>KenBurns</include>
                <posx>0</posx>
                <posy>0</posy>
                <width>1920</width>
                <height>1080</height>
                <texture background="true">$INFO[Container(54).Listitem.Thumb]</texture>
            </control>
            <control type="image">
                <visible>!Skin.HasSetting(DisableFanart)+Skin.String(WeatherView,coverwrap)</visible>
                <include>KenBurns</include>
                <posx>0</posx>
                <posy>0</posy>
                <width>1920</width>
                <height>1080</height>
                <texture background="true">$INFO[Container(57).Listitem.Thumb]</texture>
            </control>
        </control>
        <include>Player_Show</include>
        <include>OverlayFull</include>
        <include>InfoBackground</include>
        <control type="group" id="49">
            <animation effect="slide" tween="circle" easing="out" time="250" start="0,0" end="660,0" condition="[ControlGroup(9000).HasFocus()|Control.HasFocus(8999)|Control.HasFocus(9060)]">conditional</animation>
            <animation effect="slide" tween="circle" easing="out" time="250" start="0,0" end="-2090,0" condition="Control.HasFocus(505050)">conditional</animation>
            <include>OpenClose</include>
            <!--<control type="label" id="11">-->
            <!--<posx>960</posx>-->
            <!--<posy>210</posy>-->
            <!--<width>1200</width>-->
            <!--<align>left</align>-->
            <!--<include>TextColor_AlternateColor</include>-->
            <!--<font>FacadeListSubFont</font>-->
            <!--</control>-->
            <control type="group">
                <visible>!Skin.String(WeatherType,Map)</visible>
                <include>View_50_BigList_Weather</include>
                <include>View_51_SlimList_Weather</include>
                <include>View_52_ShortList_Weather</include>
                <include>View_57_CoverWrap_Weather</include>
                <include>View_54_Fanart_Weather</include>
            </control>
            <control type="group">
                <visible>Skin.String(WeatherType,Map)</visible>
                <include>Icon_Fade</include>
                <control type="group">
                    <control type="list" id="155">
                        <viewtype label="20445">biginfo</viewtype>
                        <posx>0</posx>
                        <posy>0</posy>
                        <width>1920</width>
                        <height>1080</height>
                        <pagecontrol>60</pagecontrol>
                        <onleft>155</onleft>
                        <onright>155</onright>
                        <onup>9000</onup>
                        <ondown>60</ondown>
                        <orientation>horizontal</orientation>
                        <focusposition>0</focusposition>
                        <movement>1</movement>
                        <preloaditems>4</preloaditems>
                        <itemlayout height="1080" width="1920">
                            <!--<include>ListFocusAnimation</include>-->
                            <control type="image">
                                <posx>0</posx>
                                <posy>0</posy>
                                <width>1920</width>
                                <height>1080</height>
                                <aspectratio>scale</aspectratio>
                                <texture>$INFO[ListItem.Thumb]</texture>
                            </control>
                            <control type="image">
                                <posx>0</posx>
                                <posy>0</posy>
                                <width>1920</width>
                                <height>1080</height>
                                <aspectratio>scale</aspectratio>
                                <colordiffuse>70FFFFFF</colordiffuse>
                                <texture>$INFO[ListItem.Property(Layer)]</texture>
                            </control>
                            <control type="image">
                                <posx>0</posx>
                                <posy>0</posy>
                                <width>1920</width>
                                <height>283</height>
                                <colordiffuse>$VAR[Picked.Theme.Color]</colordiffuse>
                                <texture flipy="true" border="1">$VAR[Theme.Color]/common/HomeGradient.png</texture>
                            </control>
                        </itemlayout>
                        <focusedlayout height="1080" width="1920">
                            <control type="group">
                                <!--<include>ListFocusAnimation</include>-->
                                <control type="image">
                                    <posx>0</posx>
                                    <posy>0</posy>
                                    <width>1920</width>
                                    <height>1080</height>
                                    <aspectratio>scale</aspectratio>
                                    <texture>$INFO[ListItem.Thumb]</texture>
                                </control>
                                <control type="image">
                                    <posx>0</posx>
                                    <posy>0</posy>
                                    <width>1920</width>
                                    <height>1080</height>
                                    <aspectratio>scale</aspectratio>
                                    <colordiffuse>70FFFFFF</colordiffuse>
                                    <texture>$INFO[ListItem.Property(Layer)]</texture>
                                </control>
                            </control>
                            <control type="image">
                                <posx>0</posx>
                                <posy>0</posy>
                                <width>1920</width>
                                <height>283</height>
                                <colordiffuse>$VAR[Picked.Theme.Color]</colordiffuse>
                                <texture flipy="true" border="1">$VAR[Theme.Color]/common/HomeGradient.png</texture>
                            </control>
                        </focusedlayout>
                        <include>WeatherContent</include>
                    </control>
                    <control type="image">
                        <posx>-1920</posx>
                        <posy>750</posy>
                        <width>3840</width>
                        <height>330</height>
                        <colordiffuse>$VAR[Picked.Theme.Color]</colordiffuse>
                        <texture border="10">$VAR[Theme.Color]/common/HomeGradient.png</texture>
                    </control>
                    <control type="image">
                        <visible>control.isvisible(9000)+[ControlGroup(9000).HasFocus()|Control.HasFocus(8999)|Control.HasFocus(9060)]</visible>
                        <animation effect="fade" start="0" end="100" time="250">Visible</animation>
                        <animation effect="fade" start="100" end="0" time="250">Hidden</animation>
                        <posx>-1955</posx>
                        <posy>-35</posy>
                        <width>1990</width>
                        <height>1150</height>
                        <texture border="35">$VAR[Theme.Color]/common/JewelCase2.png</texture>
                    </control>
                    <control type="label">
                        <posx>TextMargin</posx>
                        <posy>990</posy>
                        <height>33</height>
                        <width>1800</width>
                        <align>center</align>
                        <font>InfoTitleFont</font>
                        <include>TextColor_MainColor</include>
                        <scroll>false</scroll>
                        <label>$INFO[Container(155).ListItem.Label]</label>
                    </control>
                    <control type="image">
                        <description>legend image</description>
                        <posx>25</posx>
                        <posy>955</posy>
                        <width>294</width>
                        <height>105</height>
                        <texture>$INFO[Container(155).ListItem.Property(Legend)]</texture>
                        <include>ThumbBorder</include>
                    </control>
                    <control type="scrollbar" id="60">
                        <posx>0</posx>
                        <posy>1046</posy>
                        <width>1920</width>
                        <include>HorizontalScroller</include>
                        <onup>155</onup>
                        <onright>noop</onright>
                        <ondown>60</ondown>
                    </control>
                    <control type="button">
                        <posx>1720</posx>
                        <posy>200</posy>
                        <width>200</width>
                        <height>800</height>
                        <texturefocus>-</texturefocus>
                        <texturenofocus>-</texturenofocus>
                        <onclick>Control.Move(155,1)</onclick>
                        <onfocus>Control.Move(155,1)</onfocus>
                    </control>
                    <control type="button">
                        <posx>0</posx>
                        <posy>200</posy>
                        <width>200</width>
                        <height>800</height>
                        <texturefocus>-</texturefocus>
                        <texturenofocus>-</texturenofocus>
                        <onclick>Control.Move(155,-1)</onclick>
                        <onfocus>Control.Move(155,-1)</onfocus>
                    </control>
                </control>
            </control>
        </control>
        <control type="label">
            <include>OpenClose</include>
            <include>WindowTitle</include>
            <label>$LOCALIZE[8] - $INFO[Weather.Location]</label>
        </control>
        <control type="label">
            <include>OpenClose</include>
            <include>WindowTitleSub</include>
            <label>$INFO[Window.Property(WeatherProvider)]</label>
        </control>
        <control type="group">
            <include>Icon_Fade</include>
            <visible>Control.hasfocus(505050)</visible>
            <control type="label">
                <posx>52</posx>
                <posy>933</posy>
                <width>1830</width>
                <height>45</height>
                <align>center</align>
                <font>InfoTitleFont</font>
                <include>TextColor_MainColor</include>
                <label>$INFO[Weather.Location]</label>
            </control>
            <control type="label">
                <posx>407</posx>
                <posy>1010</posy>
                <height>33</height>
                <width>1120</width>
                <align>center</align>
                <font>InfoDetailsFont</font>
                <include>TextColor_AlternateColor</include>
                <scroll>false</scroll>
                <label>$INFO[Window.Property(WeatherProvider)]$INFO[Window.Property(Updated),     ]</label>
            </control>
        </control>
        <!-- <include>FooterInfo</include> -->
        <include>Time</include>
        <!-- SIDE MENU -->
        <control type="group">
            <visible>!Skin.HasSetting(EnableKioskMode)</visible>
            <include>LeftMenu</include>
            <include>FacadeFadeDialogs</include>
            <include>Icon_Fade</include>
            <control type="grouplist" id="9000">
                <include>LeftMenuButtonGroup</include>
                <onright>49</onright>
                <ondown>9000</ondown>
                <onback>49</onback>
                <control type="label" id="7965">
                    <include>LeftMenuTitleLabel</include>
                    <label>$LOCALIZE[582]</label>
                </control>
                <control type="button" id="490">
                    <visible>!Skin.String(WeatherType,Map)</visible>
                    <visible>Skin.String(WeatherView,biglist)|Skin.String(WeatherView,)</visible>
                    <label>$LOCALIZE[456]: $LOCALIZE[31091]</label>
                    <include>LeftMenuButton</include>
                    <onclick>Skin.SetString(WeatherView,slimlist)</onclick>
                </control>
                <control type="button" id="491">
                    <visible>!Skin.String(WeatherType,Map)</visible>
                    <visible>Skin.String(WeatherView,slimlist)</visible>
                    <label>$LOCALIZE[456]: $LOCALIZE[31096]</label>
                    <include>LeftMenuButton</include>
                    <onclick>Skin.SetString(WeatherView,shortlist)</onclick>
                </control>
                <control type="button" id="492">
                    <visible>!Skin.String(WeatherType,Map)</visible>
                    <visible>Skin.String(WeatherView,shortlist)</visible>
                    <label>$LOCALIZE[456]: $LOCALIZE[535]</label>
                    <include>LeftMenuButton</include>
                    <onclick>Skin.SetString(WeatherView,coverwrap)</onclick>
                </control>
                <control type="button" id="497">
                    <visible>!Skin.String(WeatherType,Map)</visible>
                    <visible>Skin.String(WeatherView,coverwrap)</visible>
                    <label>$LOCALIZE[456]: $LOCALIZE[31018]</label>
                    <include>LeftMenuButton</include>
                    <onclick>Skin.SetString(WeatherView,fanart)</onclick>
                </control>
                <control type="button" id="494">
                    <visible>!Skin.String(WeatherType,Map)</visible>
                    <visible>Skin.String(WeatherView,fanart)</visible>
                    <label>$LOCALIZE[456]: $LOCALIZE[20445]</label>
                    <include>LeftMenuButton</include>
                    <onclick>Skin.SetString(WeatherView,biglist)</onclick>
                </control>
                <control type="radiobutton" id="502">
                    <visible>!String.IsEmpty(Window.Property(Daily.IsFetched))|Skin.String(WeatherType,)|Skin.String(WeatherType,daily)</visible>
                    <selected>Skin.String(WeatherType,daily)|Skin.String(WeatherType,)</selected>
                    <label>$LOCALIZE[31904]</label>
                    <include>LeftMenuButton</include>
                    <onclick>Skin.SetString(WeatherType,daily)</onclick>
                </control>
                <control type="radiobutton" id="503">
                    <visible>!String.IsEmpty(Window.Property(36Hour.IsFetched))</visible>
                    <selected>Skin.String(WeatherType,36Hour)</selected>
                    <label>$LOCALIZE[31901]</label>
                    <include>LeftMenuButton</include>
                    <onclick>Skin.SetString(WeatherType,36Hour)</onclick>
                </control>
                <control type="radiobutton" id="504">
                    <visible>!String.IsEmpty(Window.Property(Weekend.IsFetched))</visible>
                    <selected>Skin.String(WeatherType,Weekend)</selected>
                    <label>$LOCALIZE[31903]</label>
                    <include>LeftMenuButton</include>
                    <onclick>Skin.SetString(WeatherType,Weekend)</onclick>
                </control>
                <control type="radiobutton" id="505">
                    <visible>!String.IsEmpty(Window.Property(Hourly.IsFetched))</visible>
                    <selected>Skin.String(WeatherType,Hourly)</selected>
                    <label>$LOCALIZE[31902]</label>
                    <include>LeftMenuButton</include>
                    <onclick>Skin.SetString(WeatherType,Hourly)</onclick>
                </control>
                <control type="radiobutton" id="506">
                    <visible>!String.IsEmpty(Window.Property(Map.IsFetched))</visible>
                    <selected>Skin.String(WeatherType,Map)</selected>
                    <label>$LOCALIZE[31910]</label>
                    <include>LeftMenuButton</include>
                    <onclick>Skin.SetString(WeatherType,Map)</onclick>
                </control>
                <control type="label" id="9183">
                    <include>LeftMenuTitleLabel</include>
                    <include>LeftMenuButton</include>
                    <label>$LOCALIZE[1034]</label>
                </control>
                <control type="button" id="2">
                    <include>LeftMenuButton</include>
                </control>
                <control type="button" id="4">
                    <include>LeftMenuButton</include>
                    <label>$LOCALIZE[5]</label>
                    <onclick>Skin.Reset(WeatherType)</onclick>
                    <onclick>ActivateWindow(MyWeatherSettings)</onclick>
                </control>
                <control type="group" id="300">
                    <width>660</width>
                    <height>78</height>
                    <control type="spincontrolex" id="3">
                        <description>change location button</description>
                        <font>-</font>
                        <onup>4</onup>
                        <ondown>490</ondown>
                        <onright>49</onright>
                        <include>LeftMenuButton</include>
                    </control>
                    <control type="label" id="301">
                        <animation type="Conditional" reversible="false" condition="control.hasfocus(3)">
                            <effect type="zoom" start="100" end="108" time="100" center="auto"/>
                            <effect type="zoom" start="100" end="92.592592592593" time="50" delay="100" center="auto"/>
                            <effect type="fade" start="10" end="100" time="100"/>
                        </animation>
                        <animation effect="fade" start="100" end="66" time="0" condition="!control.hasfocus(3)">Conditional</animation>
                        <label>396</label>
                        <include>LeftMenuButton</include>
                    </control>
                </control>
            </control>
            <include>LeftMenuScroller</include>
        </control>
    </controls>
</window>
