<?xml version="1.0" encoding="utf-8"?>
<window type="buttonMenu">
    <defaultcontrol>9000</defaultcontrol>
    <controls>
        <!-- <include>DimBG</include> -->
        <include>TopBar</include>
        <control type="group">
            <include>FacadeFadeDialogs3rdLevelCondition</include>
            <include>Icon_Fade</include>
            <control type="group">
                <include>DialogOpenClose</include>
                <control type="group">
                    <control type="image">
                        <posx>-200</posx>
                        <posy>312</posy>
                        <width>2320</width>
                        <height>456</height>
                        <include>DialogTransparency</include>
                        <texture border="150,40,150,40">$VAR[Theme.Color]/common/bg_dialog.png</texture>
                    </control>
                    <control type="grouplist" id="9000">
                        <posx>0</posx>
                        <posy>345</posy>
                        <width>1920</width>
                        <height>390</height>
                        <onleft>9000</onleft>
                        <onright>9000</onright>
                        <onup>9900</onup>
                        <ondown>9000</ondown>
                        <itemgap>0</itemgap>
                        <control type="button" id="2">
                            <description>Resume button</description>
                            <width>1920</width>
                            <align>center</align>
                            <include>LeftMenuButton</include>
                            <label>$ADDON[script.videoextras 32104]</label>
                        </control>
                        <control type="button" id="40">
                            <description>Start from beginning button</description>
                            <width>1920</width>
                            <align>center</align>
                            <include>LeftMenuButton</include>
                            <label>$ADDON[script.videoextras 32105]</label>
                        </control>
                        <control type="button" id="41">
                            <description>Mark as watched</description>
                            <width>1920</width>
                            <align>center</align>
                            <include>LeftMenuButton</include>
                            <label>$ADDON[script.videoextras 32106]</label>
                        </control>
                        <control type="button" id="42">
                            <description>Mark as unwatched</description>
                            <width>1920</width>
                            <align>center</align>
                            <include>LeftMenuButton</include>
                            <label>$ADDON[script.videoextras 32107]</label>
                        </control>
                        <control type="button" id="43">
                            <description>Edit title</description>
                            <width>1920</width>
                            <align>center</align>
                            <include>LeftMenuButton</include>
                            <label>$ADDON[script.videoextras 32108]</label>
                        </control>
                    </control>
                </control>
            </control>
        </control>
    </controls>
</window>
