<?xml version="1.0" encoding="utf-8"?>
<window>
    <defaultcontrol always="true">9000</defaultcontrol>
    <menucontrol>9000</menucontrol>
    <controls>
        <include condition="!Skin.HasSetting(DisableFanart)">Fanart_Art</include>
        <include>Player_Show</include>
        <include>OverlayFull</include>
        <include>InfoBackground</include>
        <control type="group">
        <include>FacadeFadeDialogs3rdLevelCondition</include>
        <include>Icon_Fade</include>
        <control type="group">
            <animation effect="slide" tween="circle" easing="out" time="250" start="0,0" end="660,0" condition="[ControlGroup(9000).HasFocus()|Control.HasFocus(8999)|Control.HasFocus(9060)]">conditional</animation>
            <include>OpenClose</include>
            <control type="image">
                <posx>0</posx>
                <posy>142</posy>
                <width>1920</width>
                <height>892</height>
                <texture border="100">$VAR[Theme.Color]/common/bg_list.png</texture>
            </control>
            <control type="grouplist">
                <posx>0</posx>
                <posy>189</posy>
                <width>1920</width>
                <height>810</height>
                <itemgap>0</itemgap>
                <pagecontrol>6060</pagecontrol>
                <control type="label" id="21">
                    <visible>!Control.IsVisible(30)</visible>
                    <description>CPU Text</description>
                    <width>1920</width>
                    <height>67</height>
                    <include>TextColor_AlternateColor</include>
                    <include>LeftMenuButtonWide</include>
                    <label>$LOCALIZE[13271] $INFO[System.CPUUsage]</label>
                </control>
                <control type="label" id="23">
                    <visible>!Control.IsVisible(30)</visible>
                    <description>Memory Text</description>
                    <width>1920</width>
                    <height>67</height>
                    <include>TextColor_MainColor</include>
                    <include>LeftMenuButtonWide</include>
                    <label>$LOCALIZE[31309] $INFO[system.memory(used.percent)]</label>
                </control>
                <control type="label" id="2">
                    <description>Label 2</description>
                    <width>1920</width>
                    <height>67</height>
                    <include>TextColor_AlternateColor</include>
                    <include>LeftMenuButtonWide</include>
                </control>
                <control type="label" id="3">
                    <description>Label 3</description>
                    <width>1920</width>
                    <height>67</height>
                    <include>TextColor_MainColor</include>
                    <include>LeftMenuButtonWide</include>
                </control>
                <control type="label" id="4">
                    <description>Label 4</description>
                    <width>1920</width>
                    <height>67</height>
                    <include>TextColor_AlternateColor</include>
                    <include>LeftMenuButtonWide</include>
                </control>
                <control type="label" id="5">
                    <description>Label 5</description>
                    <width>1920</width>
                    <height>67</height>
                    <include>TextColor_MainColor</include>
                    <include>LeftMenuButtonWide</include>
                </control>
                <control type="label" id="6">
                    <description>Label 6</description>
                    <width>1920</width>
                    <height>67</height>
                    <include>TextColor_AlternateColor</include>
                    <include>LeftMenuButtonWide</include>
                </control>
                <control type="label" id="7">
                    <description>Label 7</description>
                    <width>1920</width>
                    <height>67</height>
                    <include>TextColor_MainColor</include>
                    <include>LeftMenuButtonWide</include>
                </control>
                <control type="label" id="8">
                    <description>Label 8</description>
                    <width>1920</width>
                    <height>67</height>
                    <include>TextColor_AlternateColor</include>
                    <include>LeftMenuButtonWide</include>
                </control>
                <control type="label" id="9">
                    <description>Label 9</description>
                    <width>1920</width>
                    <height>67</height>
                    <include>TextColor_MainColor</include>
                    <include>LeftMenuButtonWide</include>
                </control>
                <control type="label" id="10">
                    <description>Label 10</description>
                    <width>1920</width>
                    <height>67</height>
                    <include>TextColor_AlternateColor</include>
                    <include>LeftMenuButtonWide</include>
                </control>
                <control type="label" id="11">
                    <description>Label 11</description>
                    <width>1920</width>
                    <height>67</height>
                    <include>TextColor_MainColor</include>
                    <include>LeftMenuButtonWide</include>
                </control>
                <control type="label" id="12">
                    <description>Label 12</description>
                    <width>1920</width>
                    <height>67</height>
                    <include>TextColor_MainColor</include>
                    <include>LeftMenuButtonWide</include>
                </control>
            </control>
            <control type="textbox" id="30">
                <posx>TextMargin</posx>
                <posy>209</posy>
                <width>1800</width>
                <height>740</height>
                <pagecontrol>60</pagecontrol>
                <include>TextColor_MainColor</include>
            </control>
            <control type="scrollbar" id="60">
                <visible>Control.IsVisible(30)</visible>
                <posx>1886</posx>
                <posy>189</posy>
                <height>810</height>
                <include>VerticalScroller</include>
                <onleft>9000</onleft>
                <onright>9000</onright>
            </control>
        </control>
        </control>
        <control type="label">
            <include>OpenClose</include>
            <include>WindowTitle</include>
            <label>$LOCALIZE[130]</label>
        </control>
        <control type="label" id="52">
            <include>OpenClose</include>
            <include>WindowTitleSub</include>
            <label>$LOCALIZE[5]</label>
        </control>
        <include>FooterInfo</include>
        <include>Time</include>
        <!-- SIDE MENU -->
        <control type="group">
            <include>LeftMenu</include>
            <include>FacadeFadeDialogs3rdLevelCondition</include>
            <include>Icon_Fade</include>
            <control type="grouplist" id="9000">
                <include>LeftMenuButtonGroup</include>
                <onright>50</onright>
                <ondown>9000</ondown>
                <onback>50</onback>
                <control type="label" id="7965">
                    <include>LeftMenuTitleLabel</include>
                    <label>$LOCALIZE[33061]</label>
                </control>
                <control type="button" id="95">
                    <include>LeftMenuButton</include>
                    <label>$LOCALIZE[20037]</label>
                </control>
                <control type="button" id="94">
                    <include>LeftMenuButton</include>
                    <label>$LOCALIZE[13277]</label>
                </control>
                <control type="button" id="96">
                    <include>LeftMenuButton</include>
                    <label>$LOCALIZE[13279]</label>
                </control>
                <control type="button" id="97">
                    <include>LeftMenuButton</include>
                    <label>$LOCALIZE[13280]</label>
                </control>
                <control type="button" id="98">
                    <include>LeftMenuButton</include>
                    <label>$LOCALIZE[13281]</label>
                </control>
                <control type="button" id="99">
                    <visible>Skin.HasSetting(PVR_Enabled)</visible>
                    <include>LeftMenuButton</include>
                    <label>$LOCALIZE[19191]</label>
                </control>
                <control type="button" id="100">
                    <include>LeftMenuButton</include>
                    <label>$LOCALIZE[12389]</label>
                    <onright>60</onright>
                </control>
            </control>
            <include>LeftMenuScroller</include>
        </control>
        <control type="button" id="50">
            <include>HiddenButton</include>
            <onclick>Control.SetFocus(9000)</onclick>
            <onleft>9000</onleft>
            <onright>9000</onright>
            <onup>9000</onup>
            <ondown>9000</ondown>
        </control>
    </controls>
</window>
