<?xml version="1.0" encoding="utf-8"?>
<window>
    <defaultcontrol always="true">3</defaultcontrol>
    <menucontrol>3</menucontrol>
    <controls>
        <include condition="!Skin.HasSetting(DisableFanart)">Fanart_Art</include>
        <include>Player_Show</include>
        <include>OverlayFull</include>
        <control type="group">
            <animation effect="slide" tween="circle" easing="out" time="250" start="0,0" end="660,0" condition="[!ControlGroup(5).HasFocus()+!Control.HasFocus(60)|Control.HasFocus(8999)|Control.HasFocus(9060)]">conditional</animation>
            <control type="group">
                <include>OpenClose</include>
                <include>Icon_Fade</include>
                <include>FacadeFadeDialogs</include>
                <control type="image">
                    <posx>0</posx>
                    <posy>142</posy>
                    <width>1920</width>
                    <height>892</height>
                    <texture border="100">$VAR[Theme.Color]/common/bg_list.png</texture>
                </control>
                <control type="label" id="2">
                    <posx>3173</posx>
                    <posy>124</posy>
                    <height>36</height>
                    <width>1574</width>
                    <align>center</align>
                    <font>InfoTitleFont</font>
                    <include>TextColor_MainColor</include>
                </control>
                <control type="grouplist" id="5">
                    <posx>0</posx>
                    <posy>183</posy>
                    <width>1920</width>
                    <height>624</height>
                    <itemgap>0</itemgap>
                    <onleft>3</onleft>
                    <onright>60</onright>
                    <onup>5</onup>
                    <ondown>5</ondown>
                    <pagecontrol>60</pagecontrol>
                    <orientation>vertical</orientation>
                </control>
                <control type="button" id="7">
                    <width>1920</width>
                    <include>LeftMenuButtonWide</include>
                </control>
                <control type="radiobutton" id="8">
                    <width>1920</width>
                    <radioposx>1806</radioposx>
                    <textwidth>1700</textwidth>
                    <include>LeftMenuButtonWide</include>
                </control>
                <control type="spincontrolex" id="9">
                    <width>1920</width>
                    <include>LeftMenuButtonWide</include>
                </control>
                <control type="scrollbar" id="60">
                    <posx>1886</posx>
                    <posy>183</posy>
                    <height>624</height>
                    <include>VerticalScroller</include>
                    <onleft>5</onleft>
                    <onright>5</onright>
                </control>
                <control type="sliderex" id="13">
                    <description>Default Slider</description>
                    <width>1920</width>
                    <include>LeftMenuButton</include>
                </control>
                <control type="image" id="11">
                    <description>separator image</description>
                    <width>1800</width>
                    <height>1</height>
                    <texture border="150,0,150,0">$VAR[Theme.Color]/list/bg_facade_separator.png</texture>
                </control>
                <control type="label" id="14">
                    <description>Default Label</description>
                    <label>-</label>
                    <width>1800</width>
                    <textoffsety>40</textoffsety>
                    <aligny>top</aligny>
                    <font>LeftMenuTitleFont</font>
                    <include>TextColor_AlternateColor</include>
                    <include>LeftMenuButtonWide</include>
                </control>
                <control type="image">
                    <posx>TextMargin</posx>
                    <posy>807</posy>
                    <width>1800</width>
                    <description>Default Seperator</description>
                    <height>1</height>
                    <texture border="150,0,150,0">$VAR[Theme.Color]/list/bg_facade_separator.png</texture>
                </control>
                <control type="textbox" id="6">
                    <posx>TextMargin</posx>
                    <posy>840</posy>
                    <width>1800</width>
                    <height>120</height>
                    <font>InfoPlotFont</font>
                    <include>myautoscroll</include>
                </control>
            </control>
        </control>
        <control type="label">
            <include>OpenClose</include>
            <include>WindowTitle</include>
            <label>$LOCALIZE[5]</label>
        </control>
        <control type="label">
            <include>OpenClose</include>
            <include>WindowTitleSub</include>
            <label>$INFO[Control.GetLabel(2)]</label>
        </control>
        <include>Time</include>
        <!-- SIDE MENU -->
        <control type="group">
            <animation effect="slide" tween="circle" easing="out" time="250" start="0,0" end="660,0" condition="[!ControlGroup(5).HasFocus()+!Control.HasFocus(60)|Control.HasFocus(8999)|Control.HasFocus(9060)]">Conditional</animation>
            <include>LeftMenu</include>
            <include>Icon_Fade</include>
            <include>FacadeFadeDialogs</include>
            <control type="grouplist" id="3">
                <include>LeftMenuButtonGroup</include>
                <onright>5</onright>
                <ondown>20</ondown>
                <onback>5</onback>
            </control>
            <control type="button" id="10">
                <width>660</width>
                <include>LeftMenuButton</include>
            </control>
            <control type="label">
                <posx>-660</posx>
                <posy>857</posy>
                <width>433</width>
                <font>LeftMenuTitleFont</font>
                <include>LeftMenuButton</include>
                <label>$LOCALIZE[31049]</label>
            </control>
            <control type="button" id="20">
                <posx>-660</posx>
                <posy>915</posy>
                <width>570</width>
                <include>LeftMenuButton</include>
                <onleft>5</onleft>
                <onright>5</onright>
                <onup>3</onup>
                <ondown>noop</ondown>
                <onclick>SettingsLevelChange</onclick>
            </control>
            <include>LeftMenuScroller</include>
        </control>
    </controls>
</window>
