<?xml version="1.0" encoding="UTF-8"?>
<overrides>

    <!--ICON OVERRIDES-->
    <!--<useDefaultThumbAsIcon>True</useDefaultThumbAsIcon>-->
    <icon labelID="videos">special://skin/backgrounds/Videos.jpg</icon>
    <icon labelID="movies">special://skin/backgrounds/Movies.jpg</icon>
    <icon labelID="pictures">special://skin/backgrounds/Pictures.jpg</icon>
    <icon labelID="tvshows">special://skin/backgrounds/TVShows.jpg</icon>
    <icon labelID="livetv">special://skin/backgrounds/Tv.jpg</icon>
    <icon labelID="radio">special://skin/backgrounds/Radio.jpg</icon>
    <icon labelID="music">special://skin/backgrounds/Music.jpg</icon>
    <icon labelID="music--0">special://skin/backgrounds/Music.jpg</icon>
    <icon labelID="musicvideos">special://skin/backgrounds/Clips.jpg</icon>
    <icon labelID="31971">special://skin/backgrounds/Concerts.jpg</icon>
    <icon labelID="31972">special://skin/backgrounds/Clips.jpg</icon>
    <!--<icon labelID="weather">special://skin/backgrounds/Weather.jpg</icon>-->
    <icon labelID="weather">$VAR[WeatherFanartPath]$INFO[Weather.fanartcode].jpg</icon>
    <icon labelID="programs">special://skin/backgrounds/Addons.jpg</icon>
    <icon labelID="dvd">special://skin/backgrounds/Dvds.jpg</icon>
    <icon labelID="settings">special://skin/backgrounds/Settings.jpg</icon>
    <icon labelID="1036">special://skin/backgrounds/Favourites.jpg</icon>
    <icon labelID="1036--0">special://skin/backgrounds/Favourites2.jpg</icon>
    <icon labelID="13009">special://skin/backgrounds/Quit.jpg</icon>
    <icon labelID="24001">special://skin/backgrounds/Addons.jpg</icon>
    <icon labelID="script.globalsearch">special://skin/backgrounds/Search.jpg</icon>
    <icon image="DefaultShortcut.png">special://skin/backgrounds/default/default.jpg</icon>


    <!--BACKGROUNDS OVERRIDES-->
    <background label="31071">defaultFanart</background>
    <background label="31072">pictureFanart</background>
    <background label="31073">clipFanart</background>
    <background label="31074">concertFanart</background>
    <background label="31054">movieFanart</background>
    <background label="31055">tvshowFanart</background>
    <background label="31056">videoFanart</background>
    <background label="31057">musicFanart</background>
    <background label="31058">weatherFanart</background>
    <backgroundBrowse>True</backgroundBrowse>
    <backgrounddefault labelID="videos">Videos.Art</backgrounddefault>
    <backgrounddefault labelID="movies">Movies.Art</backgrounddefault>
    <backgrounddefault labelID="pictures">Pictures.Art</backgrounddefault>
    <backgrounddefault labelID="tvshows">TVShows.Art</backgrounddefault>
    <backgrounddefault labelID="livetv">Tv.Art</backgrounddefault>
    <backgrounddefault labelID="radio">Radio.Art</backgrounddefault>
    <backgrounddefault labelID="music">Music.Art</backgrounddefault>
    <backgrounddefault labelID="music--0">Music.Art</backgrounddefault>
    <backgrounddefault labelID="musicvideos">Clips.Art</backgrounddefault>
    <backgrounddefault labelID="31971">Concerts.Art</backgrounddefault>
    <backgrounddefault labelID="31972">Clips.Art</backgrounddefault>
    <backgrounddefault labelID="weather">Weather.Art</backgrounddefault>
    <backgrounddefault labelID="programs">Addons.Art</backgrounddefault>
    <backgrounddefault labelID="dvd">DVD.Art</backgrounddefault>
    <backgrounddefault labelID="settings">Settings.Art</backgrounddefault>
    <backgrounddefault labelID="1036">Favourites.Art</backgrounddefault>
    <backgrounddefault labelID="13009">Quit.Art</backgrounddefault>
    <backgrounddefault labelID="24001">Addons.Art</backgrounddefault>
    <backgrounddefault labelID="script.globalsearch">Search.Art</backgrounddefault>

    <widgetRename>True</widgetRename>

    <!-- default widgets -->
    <widgetdefaultnode labelID="movies" group="mainmenu" label="$LOCALIZE[31400]" type="movies" path="special://skin/widgetplaylists/recommendedmovies.xsp" target="video">recommendedmovies</widgetdefaultnode>
    <widgetdefaultnode labelID="tvshows" group="mainmenu" label="$LOCALIZE[31417]" type="episodes" path="special://skin/widgetplaylists/recommendedepisodes.xsp" target="video">recommendedepisodes</widgetdefaultnode>
    <widgetdefaultnode labelID="music" group="mainmenu" label="517" type="albums" path="musicdb://recentlyplayedalbums" target="music">recentlyplayedalbums</widgetdefaultnode>
    <widgetdefaultnode labelID="31971" group="mainmenu" label="31402" type="musicvideos" path="special://skin/widgetplaylists/recommendedmusicvideos.xsp" target="video">recommendedmusicvideos</widgetdefaultnode>
    <widgetdefaultnode labelID="31972" group="mainmenu" label="31403" type="musicvideos" path="special://skin/widgetplaylists/recommendedmusicvideos.xsp" target="video">recommendedmusicvideos</widgetdefaultnode>
    <widgetdefaultnode labelID="24001" group="mainmenu" label="1037" type="addon" path="addons://sources/video/" target="video">videoaddons</widgetdefaultnode>
    <widgetdefaultnode labelID="livetv" group="mainmenu" label="19017" type="tv" path="pvr://recordings/tv/active?view=flat" target="pvr">tvrecordings</widgetdefaultnode>
    <widgetdefaultnode labelID="radio" group="mainmenu" label="19017" type="radio" path="pvr://recordings/radio/active?view=flat" target="pvr">radiorecordings</widgetdefaultnode>

    <!-- secondary widgets -->
    <propertydefault labelID="movies" property="widget.1">recentmovies</propertydefault>
    <propertydefault labelID="movies" property="widgetTarget.1">video</propertydefault>
    <propertydefault labelID="movies" property="widgetType.1">movies</propertydefault>
    <propertydefault labelID="movies" property="widgetPath.1">special://skin/widgetplaylists/recentmovies.xsp</propertydefault>
    <propertydefault labelID="movies" property="widgetName.1">31404</propertydefault>
    <propertydefault labelID="movies" property="widget.2">inprogressmovies</propertydefault>
    <propertydefault labelID="movies" property="widgetTarget.2">video</propertydefault>
    <propertydefault labelID="movies" property="widgetType.2">movies</propertydefault>
    <propertydefault labelID="movies" property="widgetPath.2">special://skin/widgetplaylists/inprogressmovies.xsp</propertydefault>
    <propertydefault labelID="movies" property="widgetName.2">31405</propertydefault>
    <propertydefault labelID="movies" property="widget.3">randommovies</propertydefault>
    <propertydefault labelID="movies" property="widgetTarget.3">video</propertydefault>
    <propertydefault labelID="movies" property="widgetType.3">movies</propertydefault>
    <propertydefault labelID="movies" property="widgetPath.3">special://skin/widgetplaylists/randommovies.xsp</propertydefault>
    <propertydefault labelID="movies" property="widgetName.3">31406</propertydefault>

    <propertydefault labelID="tvshows" property="widget.1">recentepisodes</propertydefault>
    <propertydefault labelID="tvshows" property="widgetTarget.1">video</propertydefault>
    <propertydefault labelID="tvshows" property="widgetType.1">episodes</propertydefault>
    <propertydefault labelID="tvshows" property="widgetPath.1">special://skin/widgetplaylists/recentepisodes.xsp</propertydefault>
    <propertydefault labelID="tvshows" property="widgetName.1">31407</propertydefault>
    <propertydefault labelID="tvshows" property="widget.2">inprogressepisodes</propertydefault>
    <propertydefault labelID="tvshows" property="widgetTarget.2">video</propertydefault>
    <propertydefault labelID="tvshows" property="widgetType.2">episodes</propertydefault>
    <propertydefault labelID="tvshows" property="widgetPath.2">special://skin/widgetplaylists/inprogressepisodes.xsp</propertydefault>
    <propertydefault labelID="tvshows" property="widgetName.2">31408</propertydefault>
    <propertydefault labelID="tvshows" property="widget.3">randommepisodes</propertydefault>
    <propertydefault labelID="tvshows" property="widgetTarget.3">video</propertydefault>
    <propertydefault labelID="tvshows" property="widgetType.3">episodes</propertydefault>
    <propertydefault labelID="tvshows" property="widgetPath.3">special://skin/widgetplaylists/randomepisodes.xsp</propertydefault>
    <propertydefault labelID="tvshows" property="widgetName.3">31409</propertydefault>

    <propertydefault labelID="music" property="widget.1">recentlyaddedalbums</propertydefault>
    <propertydefault labelID="music" property="widgetTarget.1">music</propertydefault>
    <propertydefault labelID="music" property="widgetType.1">albums</propertydefault>
    <propertydefault labelID="music" property="widgetPath.1">musicdb://recentlyaddedalbums/</propertydefault>
    <propertydefault labelID="music" property="widgetName.1">359</propertydefault>
    <propertydefault labelID="music" property="widget.2">randomalbums</propertydefault>
    <propertydefault labelID="music" property="widgetTarget.2">music</propertydefault>
    <propertydefault labelID="music" property="widgetType.2">albums</propertydefault>
    <propertydefault labelID="music" property="widgetPath.2">special://skin/widgetplaylists/randomalbums.xsp</propertydefault>
    <propertydefault labelID="music" property="widgetName.2">31410</propertydefault>
    <propertydefault labelID="music" property="widget.3">mostplayedalbums</propertydefault>
    <propertydefault labelID="music" property="widgetTarget.3">music</propertydefault>
    <propertydefault labelID="music" property="widgetType.3">albums</propertydefault>
    <propertydefault labelID="music" property="widgetPath.3">special://skin/widgetplaylists/mostplayedalbums.xsp</propertydefault>
    <propertydefault labelID="music" property="widgetName.3">31418</propertydefault>

    <propertydefault labelID="31971" property="widget.1">recentmusicvideos</propertydefault>
    <propertydefault labelID="31971" property="widgetTarget.1">video</propertydefault>
    <propertydefault labelID="31971" property="widgetType.1">musicvideos</propertydefault>
    <propertydefault labelID="31971" property="widgetPath.1">special://skin/widgetplaylists/recentmusicvideos.xsp</propertydefault>
    <propertydefault labelID="31971" property="widgetName.1">31411</propertydefault>
    <propertydefault labelID="31971" property="widget.2">inprogressmovies</propertydefault>
    <propertydefault labelID="31971" property="widgetTarget.2">video</propertydefault>
    <propertydefault labelID="31971" property="widgetType.2">musicvideos</propertydefault>
    <propertydefault labelID="31971" property="widgetPath.2">special://skin/widgetplaylists/inprogressmusicvideos.xsp</propertydefault>
    <propertydefault labelID="31971" property="widgetName.2">31412</propertydefault>
    <propertydefault labelID="31971" property="widget.3">randommusicvideos</propertydefault>
    <propertydefault labelID="31971" property="widgetTarget.3">video</propertydefault>
    <propertydefault labelID="31971" property="widgetType.3">musicvideos</propertydefault>
    <propertydefault labelID="31971" property="widgetPath.3">special://skin/widgetplaylists/randommusicvideos.xsp</propertydefault>
    <propertydefault labelID="31971" property="widgetName.3">31413</propertydefault>

    <propertydefault labelID="31972" property="widget.1">recentmusicvideos</propertydefault>
    <propertydefault labelID="31972" property="widgetTarget.1">video</propertydefault>
    <propertydefault labelID="31972" property="widgetType.1">musicvideos</propertydefault>
    <propertydefault labelID="31972" property="widgetPath.1">special://skin/widgetplaylists/recentmusicvideos.xsp</propertydefault>
    <propertydefault labelID="31972" property="widgetName.1">31414</propertydefault>
    <propertydefault labelID="31972" property="widget.2">inprogressmovies</propertydefault>
    <propertydefault labelID="31972" property="widgetTarget.2">video</propertydefault>
    <propertydefault labelID="31972" property="widgetType.2">musicvideos</propertydefault>
    <propertydefault labelID="31972" property="widgetPath.2">special://skin/widgetplaylists/inprogressmusicvideos.xsp</propertydefault>
    <propertydefault labelID="31972" property="widgetName.2">31415</propertydefault>
    <propertydefault labelID="31972" property="widget.3">randommusicvideos</propertydefault>
    <propertydefault labelID="31972" property="widgetTarget.3">video</propertydefault>
    <propertydefault labelID="31972" property="widgetType.3">musicvideos</propertydefault>
    <propertydefault labelID="31972" property="widgetPath.3">special://skin/widgetplaylists/randommusicvideos.xsp</propertydefault>
    <propertydefault labelID="31972" property="widgetName.3">31416</propertydefault>

    <propertydefault labelID="24001" property="widget.1">audioaddons</propertydefault>
    <propertydefault labelID="24001" property="widgetTarget.1">music</propertydefault>
    <propertydefault labelID="24001" property="widgetType.1">addon</propertydefault>
    <propertydefault labelID="24001" property="widgetPath.1">addons://sources/audio/</propertydefault>
    <propertydefault labelID="24001" property="widgetName.1">1038</propertydefault>
    <propertydefault labelID="24001" property="widget.2">programaddons</propertydefault>
    <propertydefault labelID="24001" property="widgetTarget.2">programs</propertydefault>
    <propertydefault labelID="24001" property="widgetType.2">addon</propertydefault>
    <propertydefault labelID="24001" property="widgetPath.2">addons://sources/executable/</propertydefault>
    <propertydefault labelID="24001" property="widgetName.2">1043</propertydefault>
    <propertydefault labelID="24001" property="widget.3">pictureaddons</propertydefault>
    <propertydefault labelID="24001" property="widgetTarget.3">pictures</propertydefault>
    <propertydefault labelID="24001" property="widgetType.3">addon</propertydefault>
    <propertydefault labelID="24001" property="widgetPath.3">addons://sources/image/</propertydefault>
    <propertydefault labelID="24001" property="widgetName.3">1039</propertydefault>

    <propertydefault labelID="livetv" property="widget.1">tvchannels</propertydefault>
    <propertydefault labelID="livetv" property="widgetTarget.1">pvr</propertydefault>
    <propertydefault labelID="livetv" property="widgetType.1">tv</propertydefault>
    <propertydefault labelID="livetv" property="widgetPath.1">pvr://channels/tv/*?view=lastplayed</propertydefault>
    <propertydefault labelID="livetv" property="widgetName.1">19023</propertydefault>

    <propertydefault labelID="radio" property="widget.1">radiochannels</propertydefault>
    <propertydefault labelID="radio" property="widgetTarget.1">pvr</propertydefault>
    <propertydefault labelID="radio" property="widgetType.1">radio</propertydefault>
    <propertydefault labelID="radio" property="widgetPath.1">pvr://channels/radio/*?view=lastplayed</propertydefault>
    <propertydefault labelID="radio" property="widgetName.1">19024</propertydefault>

    <!--WIDGETS-->
    <!--<widget label="1036" type="info">Favourite</widget>-->
    <!--<widget label="24001" type="info">Addon</widget>-->
    <!--<widget label="342" type="movies">Movie</widget>-->
    <!--<widget label="31971" type="movies">Concert</widget>-->
    <!--<widget label="31972" type="music">Clip</widget>-->
    <!--<widget label="20343" type="episodes">Episode</widget>-->
    <!--<widget label="10005" type="music">Music</widget>-->
    <!--<widgetdefault labelID="1036" type="info">Favourite</widgetdefault>-->
	<!--<widgetdefault labelID="1036&#45;&#45;0" type="info">Favourite</widgetdefault>-->
    <!--<widgetdefault labelID="24001" type="info">Addon</widgetdefault>-->
    <!--<widgetdefault labelID="movies" type="movies">Movie</widgetdefault>-->
    <!--<widgetdefault labelID="31971" type="movies">Concert</widgetdefault>-->
    <!--<widgetdefault labelID="31972" type="music">Clip</widgetdefault>-->
    <!--<widgetdefault labelID="musicvideos" type="movies">Clip</widgetdefault>-->
    <!--<widgetdefault labelID="tvshows" type="episodes">Episode</widgetdefault>-->
    <!--<widgetdefault labelID="music" type="music">Music</widgetdefault>-->
	<!--<widgetdefault labelID="music&#45;&#45;0" type="music">Music</widgetdefault>-->
	<!--<widgetPlaylists type="playlist">True</widgetPlaylists>-->
</overrides>